[
  {
    "title": "Utilisation du JSON",
    "desc": "Le texte de cette aide est téléchargée depuis un json."
  },
  {
    "title": "Jeu non terminé",
    "desc": "Lorem ipsum tarte ta tum tum tatatum tum tata"
  },
  {
    "title": "Avion",
    "desc": "Les avions ça vole. Les avions ça vole. Les avions ça vole. Les avions ça vole. Les avions ça vole. Les avions ça vole. Les avions ça vole. Les avions ça vole. Les avions ça vole. Les avions ça vole. Les avions ça vole. Les avions ça vole. Les avions ça vole. Les avions ça vole. Les avions ça vole. Les avions ça vole. Les avions ça vole. Les avions ça vole. Les avions ça vole. Les avions ça vole. Les avions ça vole. Les avions ça vole. Les avions ça vole. Les avions ça vole. Les avions ça vole. Les avions ça vole. Les avions ça vole. Les avions ça vole. Les avions ça vole. "
  }
]